question,answer
hi,Hello! How can I assist you today?
hello,Hi there! How can I help?
how are you,"I'm an AI chatbot, always ready to help!"
what is your name,I'm your friendly AI chatbot!
who created you,I was created by developers using Natural Language Processing!
what can you do,"I can answer questions, chat with you, and analyze text!"
tell me a joke,Why don’t skeletons fight each other? They don’t have the guts!
what is AI,"AI stands for Artificial Intelligence, the simulation of human intelligence in machines."
what is machine learning,Machine learning is a subset of AI that enables computers to learn from data.
who is the president of the USA,"As of my last update, you can check the latest news for that information."
what is the capital of France,The capital of France is Paris.
how to learn Python,"You can start by learning online through platforms like Codecademy, Coursera, or YouTube."
recommend a movie,I recommend 'Inception' if you like sci-fi thrillers!
how to stay healthy,"Exercise regularly, eat healthy, stay hydrated, and get enough sleep!"
best programming language,"It depends on the use case, but Python is great for beginners!"
who is the richest person in the world,That changes frequently! You can check Forbes for the latest ranking.
suggest a book,Try 'Atomic Habits' by James Clear for productivity tips!
how to lose weight,"Exercise regularly, eat balanced meals, and stay consistent."
how to gain weight,Increase calorie intake with healthy foods and exercise.
hi,Hello! How can I assist you today?
hello,Hi there! How can I help?
how are you,"I'm an AI chatbot, always ready to help!"
what is your name,I'm your friendly AI chatbot!
who created you,I was created by developers using Natural Language Processing!
what can you do,"I can answer questions, chat with you, and analyze text!"
tell me a joke,Why don’t skeletons fight each other? They don’t have the guts!
what is AI,"AI stands for Artificial Intelligence, the simulation of human intelligence in machines."
what is machine learning,Machine learning is a subset of AI that enables computers to learn from data.
who is the president of the USA,"As of my last update, you can check the latest news for that information."
what is the capital of France,The capital of France is Paris.
how to learn Python,"You can start by learning online through platforms like Codecademy, Coursera, or YouTube."
recommend a movie,I recommend 'Inception' if you like sci-fi thrillers!
how to stay healthy,"Exercise regularly, eat healthy, stay hydrated, and get enough sleep!"
best programming language,"It depends on the use case, but Python is great for beginners!"
who is the richest person in the world,That changes frequently! You can check Forbes for the latest ranking.
suggest a book,Try 'Atomic Habits' by James Clear for productivity tips!
how to lose weight,"Exercise regularly, eat balanced meals, and stay consistent."
how to gain weight,Increase calorie intake with healthy foods and exercise.
hi,Hello! How can I assist you today?
hello,Hi there! How can I help?
how are you,"I'm an AI chatbot, always ready to help!"
what is your name,I'm your friendly AI chatbot!
who created you,I was created by developers using Natural Language Processing!
what can you do,"I can answer questions, chat with you, and analyze text!"
tell me a joke,Why don’t skeletons fight each other? They don’t have the guts!
what is AI,"AI stands for Artificial Intelligence, the simulation of human intelligence in machines."
what is machine learning,Machine learning is a subset of AI that enables computers to learn from data.
who is the president of the USA,"As of my last update, you can check the latest news for that information."
what is the capital of France,The capital of France is Paris.
how to learn Python,"You can start by learning online through platforms like Codecademy, Coursera, or YouTube."
recommend a movie,I recommend 'Inception' if you like sci-fi thrillers!
how to stay healthy,"Exercise regularly, eat healthy, stay hydrated, and get enough sleep!"
best programming language,"It depends on the use case, but Python is great for beginners!"
who is the richest person in the world,That changes frequently! You can check Forbes for the latest ranking.
suggest a book,Try 'Atomic Habits' by James Clear for productivity tips!
how to lose weight,"Exercise regularly, eat balanced meals, and stay consistent."
how to gain weight,Increase calorie intake with healthy foods and exercise.
hi,Hello! How can I assist you today?
hello,Hi there! How can I help?
how are you,"I'm an AI chatbot, always ready to help!"
what is your name,I'm your friendly AI chatbot!
who created you,I was created by developers using Natural Language Processing!
what can you do,"I can answer questions, chat with you, and analyze text!"
tell me a joke,Why don’t skeletons fight each other? They don’t have the guts!
what is AI,"AI stands for Artificial Intelligence, the simulation of human intelligence in machines."
what is machine learning,Machine learning is a subset of AI that enables computers to learn from data.
who is the president of the USA,"As of my last update, you can check the latest news for that information."
what is the capital of France,The capital of France is Paris.
how to learn Python,"You can start by learning online through platforms like Codecademy, Coursera, or YouTube."
recommend a movie,I recommend 'Inception' if you like sci-fi thrillers!
how to stay healthy,"Exercise regularly, eat healthy, stay hydrated, and get enough sleep!"
best programming language,"It depends on the use case, but Python is great for beginners!"
who is the richest person in the world,That changes frequently! You can check Forbes for the latest ranking.
suggest a book,Try 'Atomic Habits' by James Clear for productivity tips!
how to lose weight,"Exercise regularly, eat balanced meals, and stay consistent."
how to gain weight,Increase calorie intake with healthy foods and exercise.
hi,Hello! How can I assist you today?
hello,Hi there! How can I help?
how are you,"I'm an AI chatbot, always ready to help!"
what is your name,I'm your friendly AI chatbot!
who created you,I was created by developers using Natural Language Processing!
what can you do,"I can answer questions, chat with you, and analyze text!"
tell me a joke,Why don’t skeletons fight each other? They don’t have the guts!
what is AI,"AI stands for Artificial Intelligence, the simulation of human intelligence in machines."
what is machine learning,Machine learning is a subset of AI that enables computers to learn from data.
who is the president of the USA,"As of my last update, you can check the latest news for that information."
what is the capital of France,The capital of France is Paris.
how to learn Python,"You can start by learning online through platforms like Codecademy, Coursera, or YouTube."
recommend a movie,I recommend 'Inception' if you like sci-fi thrillers!
how to stay healthy,"Exercise regularly, eat healthy, stay hydrated, and get enough sleep!"
best programming language,"It depends on the use case, but Python is great for beginners!"
who is the richest person in the world,That changes frequently! You can check Forbes for the latest ranking.
suggest a book,Try 'Atomic Habits' by James Clear for productivity tips!
how to lose weight,"Exercise regularly, eat balanced meals, and stay consistent."
how to gain weight,Increase calorie intake with healthy foods and exercise.
hi,Hello! How can I assist you today?
hello,Hi there! How can I help?
how are you,"I'm an AI chatbot, always ready to help!"
what is your name,I'm your friendly AI chatbot!
who created you,I was created by developers using Natural Language Processing!
what can you do,"I can answer questions, chat with you, and analyze text!"
tell me a joke,Why don’t skeletons fight each other? They don’t have the guts!
what is AI,"AI stands for Artificial Intelligence, the simulation of human intelligence in machines."
what is machine learning,Machine learning is a subset of AI that enables computers to learn from data.
who is the president of the USA,"As of my last update, you can check the latest news for that information."
what is the capital of France,The capital of France is Paris.
how to learn Python,"You can start by learning online through platforms like Codecademy, Coursera, or YouTube."
recommend a movie,I recommend 'Inception' if you like sci-fi thrillers!
how to stay healthy,"Exercise regularly, eat healthy, stay hydrated, and get enough sleep!"
best programming language,"It depends on the use case, but Python is great for beginners!"
who is the richest person in the world,That changes frequently! You can check Forbes for the latest ranking.
suggest a book,Try 'Atomic Habits' by James Clear for productivity tips!
how to lose weight,"Exercise regularly, eat balanced meals, and stay consistent."
how to gain weight,Increase calorie intake with healthy foods and exercise.
hi,Hello! How can I assist you today?
hello,Hi there! How can I help?
how are you,"I'm an AI chatbot, always ready to help!"
what is your name,I'm your friendly AI chatbot!
who created you,I was created by developers using Natural Language Processing!
what can you do,"I can answer questions, chat with you, and analyze text!"
tell me a joke,Why don’t skeletons fight each other? They don’t have the guts!
what is AI,"AI stands for Artificial Intelligence, the simulation of human intelligence in machines."
what is machine learning,Machine learning is a subset of AI that enables computers to learn from data.
who is the president of the USA,"As of my last update, you can check the latest news for that information."
what is the capital of France,The capital of France is Paris.
how to learn Python,"You can start by learning online through platforms like Codecademy, Coursera, or YouTube."
recommend a movie,I recommend 'Inception' if you like sci-fi thrillers!
how to stay healthy,"Exercise regularly, eat healthy, stay hydrated, and get enough sleep!"
best programming language,"It depends on the use case, but Python is great for beginners!"
who is the richest person in the world,That changes frequently! You can check Forbes for the latest ranking.
suggest a book,Try 'Atomic Habits' by James Clear for productivity tips!
how to lose weight,"Exercise regularly, eat balanced meals, and stay consistent."
how to gain weight,Increase calorie intake with healthy foods and exercise.
hi,Hello! How can I assist you today?
hello,Hi there! How can I help?
how are you,"I'm an AI chatbot, always ready to help!"
what is your name,I'm your friendly AI chatbot!
who created you,I was created by developers using Natural Language Processing!
what can you do,"I can answer questions, chat with you, and analyze text!"
tell me a joke,Why don’t skeletons fight each other? They don’t have the guts!
what is AI,"AI stands for Artificial Intelligence, the simulation of human intelligence in machines."
what is machine learning,Machine learning is a subset of AI that enables computers to learn from data.
who is the president of the USA,"As of my last update, you can check the latest news for that information."
what is the capital of France,The capital of France is Paris.
how to learn Python,"You can start by learning online through platforms like Codecademy, Coursera, or YouTube."
recommend a movie,I recommend 'Inception' if you like sci-fi thrillers!
how to stay healthy,"Exercise regularly, eat healthy, stay hydrated, and get enough sleep!"
best programming language,"It depends on the use case, but Python is great for beginners!"
who is the richest person in the world,That changes frequently! You can check Forbes for the latest ranking.
suggest a book,Try 'Atomic Habits' by James Clear for productivity tips!
how to lose weight,"Exercise regularly, eat balanced meals, and stay consistent."
how to gain weight,Increase calorie intake with healthy foods and exercise.
hi,Hello! How can I assist you today?
hello,Hi there! How can I help?
how are you,"I'm an AI chatbot, always ready to help!"
what is your name,I'm your friendly AI chatbot!
who created you,I was created by developers using Natural Language Processing!
what can you do,"I can answer questions, chat with you, and analyze text!"
tell me a joke,Why don’t skeletons fight each other? They don’t have the guts!
what is AI,"AI stands for Artificial Intelligence, the simulation of human intelligence in machines."
what is machine learning,Machine learning is a subset of AI that enables computers to learn from data.
who is the president of the USA,"As of my last update, you can check the latest news for that information."
what is the capital of France,The capital of France is Paris.
how to learn Python,"You can start by learning online through platforms like Codecademy, Coursera, or YouTube."
recommend a movie,I recommend 'Inception' if you like sci-fi thrillers!
how to stay healthy,"Exercise regularly, eat healthy, stay hydrated, and get enough sleep!"
best programming language,"It depends on the use case, but Python is great for beginners!"
who is the richest person in the world,That changes frequently! You can check Forbes for the latest ranking.
suggest a book,Try 'Atomic Habits' by James Clear for productivity tips!
how to lose weight,"Exercise regularly, eat balanced meals, and stay consistent."
how to gain weight,Increase calorie intake with healthy foods and exercise.
hi,Hello! How can I assist you today?
hello,Hi there! How can I help?
how are you,"I'm an AI chatbot, always ready to help!"
what is your name,I'm your friendly AI chatbot!
who created you,I was created by developers using Natural Language Processing!
what can you do,"I can answer questions, chat with you, and analyze text!"
tell me a joke,Why don’t skeletons fight each other? They don’t have the guts!
what is AI,"AI stands for Artificial Intelligence, the simulation of human intelligence in machines."
what is machine learning,Machine learning is a subset of AI that enables computers to learn from data.
who is the president of the USA,"As of my last update, you can check the latest news for that information."
what is the capital of France,The capital of France is Paris.
how to learn Python,"You can start by learning online through platforms like Codecademy, Coursera, or YouTube."
recommend a movie,I recommend 'Inception' if you like sci-fi thrillers!
how to stay healthy,"Exercise regularly, eat healthy, stay hydrated, and get enough sleep!"
best programming language,"It depends on the use case, but Python is great for beginners!"
who is the richest person in the world,That changes frequently! You can check Forbes for the latest ranking.
suggest a book,Try 'Atomic Habits' by James Clear for productivity tips!
how to lose weight,"Exercise regularly, eat balanced meals, and stay consistent."
how to gain weight,Increase calorie intake with healthy foods and exercise.
hi,Hello! How can I assist you today?
hello,Hi there! How can I help?
how are you,"I'm an AI chatbot, always ready to help!"
what is your name,I'm your friendly AI chatbot!
who created you,I was created by developers using Natural Language Processing!
what can you do,"I can answer questions, chat with you, and analyze text!"
tell me a joke,Why don’t skeletons fight each other? They don’t have the guts!
what is AI,"AI stands for Artificial Intelligence, the simulation of human intelligence in machines."
what is machine learning,Machine learning is a subset of AI that enables computers to learn from data.
who is the president of the USA,"As of my last update, you can check the latest news for that information."
what is the capital of France,The capital of France is Paris.
how to learn Python,"You can start by learning online through platforms like Codecademy, Coursera, or YouTube."
recommend a movie,I recommend 'Inception' if you like sci-fi thrillers!
how to stay healthy,"Exercise regularly, eat healthy, stay hydrated, and get enough sleep!"
best programming language,"It depends on the use case, but Python is great for beginners!"
who is the richest person in the world,That changes frequently! You can check Forbes for the latest ranking.
suggest a book,Try 'Atomic Habits' by James Clear for productivity tips!
how to lose weight,"Exercise regularly, eat balanced meals, and stay consistent."
how to gain weight,Increase calorie intake with healthy foods and exercise.
hi,Hello! How can I assist you today?
hello,Hi there! How can I help?
how are you,"I'm an AI chatbot, always ready to help!"
what is your name,I'm your friendly AI chatbot!
who created you,I was created by developers using Natural Language Processing!
what can you do,"I can answer questions, chat with you, and analyze text!"
tell me a joke,Why don’t skeletons fight each other? They don’t have the guts!
what is AI,"AI stands for Artificial Intelligence, the simulation of human intelligence in machines."
what is machine learning,Machine learning is a subset of AI that enables computers to learn from data.
who is the president of the USA,"As of my last update, you can check the latest news for that information."
what is the capital of France,The capital of France is Paris.
how to learn Python,"You can start by learning online through platforms like Codecademy, Coursera, or YouTube."
recommend a movie,I recommend 'Inception' if you like sci-fi thrillers!
how to stay healthy,"Exercise regularly, eat healthy, stay hydrated, and get enough sleep!"
best programming language,"It depends on the use case, but Python is great for beginners!"
who is the richest person in the world,That changes frequently! You can check Forbes for the latest ranking.
suggest a book,Try 'Atomic Habits' by James Clear for productivity tips!
how to lose weight,"Exercise regularly, eat balanced meals, and stay consistent."
how to gain weight,Increase calorie intake with healthy foods and exercise.
hi,Hello! How can I assist you today?
hello,Hi there! How can I help?
how are you,"I'm an AI chatbot, always ready to help!"
what is your name,I'm your friendly AI chatbot!
who created you,I was created by developers using Natural Language Processing!
what can you do,"I can answer questions, chat with you, and analyze text!"
tell me a joke,Why don’t skeletons fight each other? They don’t have the guts!
what is AI,"AI stands for Artificial Intelligence, the simulation of human intelligence in machines."
what is machine learning,Machine learning is a subset of AI that enables computers to learn from data.
who is the president of the USA,"As of my last update, you can check the latest news for that information."
what is the capital of France,The capital of France is Paris.
how to learn Python,"You can start by learning online through platforms like Codecademy, Coursera, or YouTube."
recommend a movie,I recommend 'Inception' if you like sci-fi thrillers!
how to stay healthy,"Exercise regularly, eat healthy, stay hydrated, and get enough sleep!"
best programming language,"It depends on the use case, but Python is great for beginners!"
who is the richest person in the world,That changes frequently! You can check Forbes for the latest ranking.
suggest a book,Try 'Atomic Habits' by James Clear for productivity tips!
how to lose weight,"Exercise regularly, eat balanced meals, and stay consistent."
how to gain weight,Increase calorie intake with healthy foods and exercise.
hi,Hello! How can I assist you today?
hello,Hi there! How can I help?
how are you,"I'm an AI chatbot, always ready to help!"
what is your name,I'm your friendly AI chatbot!
who created you,I was created by developers using Natural Language Processing!
what can you do,"I can answer questions, chat with you, and analyze text!"
tell me a joke,Why don’t skeletons fight each other? They don’t have the guts!
what is AI,"AI stands for Artificial Intelligence, the simulation of human intelligence in machines."
what is machine learning,Machine learning is a subset of AI that enables computers to learn from data.
who is the president of the USA,"As of my last update, you can check the latest news for that information."
what is the capital of France,The capital of France is Paris.
how to learn Python,"You can start by learning online through platforms like Codecademy, Coursera, or YouTube."
recommend a movie,I recommend 'Inception' if you like sci-fi thrillers!
how to stay healthy,"Exercise regularly, eat healthy, stay hydrated, and get enough sleep!"
best programming language,"It depends on the use case, but Python is great for beginners!"
who is the richest person in the world,That changes frequently! You can check Forbes for the latest ranking.
suggest a book,Try 'Atomic Habits' by James Clear for productivity tips!
how to lose weight,"Exercise regularly, eat balanced meals, and stay consistent."
how to gain weight,Increase calorie intake with healthy foods and exercise.
hi,Hello! How can I assist you today?
hello,Hi there! How can I help?
how are you,"I'm an AI chatbot, always ready to help!"
what is your name,I'm your friendly AI chatbot!
who created you,I was created by developers using Natural Language Processing!
what can you do,"I can answer questions, chat with you, and analyze text!"
tell me a joke,Why don’t skeletons fight each other? They don’t have the guts!
what is AI,"AI stands for Artificial Intelligence, the simulation of human intelligence in machines."
what is machine learning,Machine learning is a subset of AI that enables computers to learn from data.
who is the president of the USA,"As of my last update, you can check the latest news for that information."
what is the capital of France,The capital of France is Paris.
how to learn Python,"You can start by learning online through platforms like Codecademy, Coursera, or YouTube."
recommend a movie,I recommend 'Inception' if you like sci-fi thrillers!
how to stay healthy,"Exercise regularly, eat healthy, stay hydrated, and get enough sleep!"
best programming language,"It depends on the use case, but Python is great for beginners!"
who is the richest person in the world,That changes frequently! You can check Forbes for the latest ranking.
suggest a book,Try 'Atomic Habits' by James Clear for productivity tips!
how to lose weight,"Exercise regularly, eat balanced meals, and stay consistent."
how to gain weight,Increase calorie intake with healthy foods and exercise.
hi,Hello! How can I assist you today?
hello,Hi there! How can I help?
how are you,"I'm an AI chatbot, always ready to help!"
what is your name,I'm your friendly AI chatbot!
who created you,I was created by developers using Natural Language Processing!
what can you do,"I can answer questions, chat with you, and analyze text!"
tell me a joke,Why don’t skeletons fight each other? They don’t have the guts!
what is AI,"AI stands for Artificial Intelligence, the simulation of human intelligence in machines."
what is machine learning,Machine learning is a subset of AI that enables computers to learn from data.
who is the president of the USA,"As of my last update, you can check the latest news for that information."
what is the capital of France,The capital of France is Paris.
how to learn Python,"You can start by learning online through platforms like Codecademy, Coursera, or YouTube."
recommend a movie,I recommend 'Inception' if you like sci-fi thrillers!
how to stay healthy,"Exercise regularly, eat healthy, stay hydrated, and get enough sleep!"
best programming language,"It depends on the use case, but Python is great for beginners!"
who is the richest person in the world,That changes frequently! You can check Forbes for the latest ranking.
suggest a book,Try 'Atomic Habits' by James Clear for productivity tips!
how to lose weight,"Exercise regularly, eat balanced meals, and stay consistent."
how to gain weight,Increase calorie intake with healthy foods and exercise.
hi,Hello! How can I assist you today?
hello,Hi there! How can I help?
how are you,"I'm an AI chatbot, always ready to help!"
what is your name,I'm your friendly AI chatbot!
who created you,I was created by developers using Natural Language Processing!
what can you do,"I can answer questions, chat with you, and analyze text!"
tell me a joke,Why don’t skeletons fight each other? They don’t have the guts!
what is AI,"AI stands for Artificial Intelligence, the simulation of human intelligence in machines."
what is machine learning,Machine learning is a subset of AI that enables computers to learn from data.
who is the president of the USA,"As of my last update, you can check the latest news for that information."
what is the capital of France,The capital of France is Paris.
how to learn Python,"You can start by learning online through platforms like Codecademy, Coursera, or YouTube."
recommend a movie,I recommend 'Inception' if you like sci-fi thrillers!
how to stay healthy,"Exercise regularly, eat healthy, stay hydrated, and get enough sleep!"
best programming language,"It depends on the use case, but Python is great for beginners!"
who is the richest person in the world,That changes frequently! You can check Forbes for the latest ranking.
suggest a book,Try 'Atomic Habits' by James Clear for productivity tips!
how to lose weight,"Exercise regularly, eat balanced meals, and stay consistent."
how to gain weight,Increase calorie intake with healthy foods and exercise.
hi,Hello! How can I assist you today?
hello,Hi there! How can I help?
how are you,"I'm an AI chatbot, always ready to help!"
what is your name,I'm your friendly AI chatbot!
who created you,I was created by developers using Natural Language Processing!
what can you do,"I can answer questions, chat with you, and analyze text!"
tell me a joke,Why don’t skeletons fight each other? They don’t have the guts!
what is AI,"AI stands for Artificial Intelligence, the simulation of human intelligence in machines."
what is machine learning,Machine learning is a subset of AI that enables computers to learn from data.
who is the president of the USA,"As of my last update, you can check the latest news for that information."
what is the capital of France,The capital of France is Paris.
how to learn Python,"You can start by learning online through platforms like Codecademy, Coursera, or YouTube."
recommend a movie,I recommend 'Inception' if you like sci-fi thrillers!
how to stay healthy,"Exercise regularly, eat healthy, stay hydrated, and get enough sleep!"
best programming language,"It depends on the use case, but Python is great for beginners!"
who is the richest person in the world,That changes frequently! You can check Forbes for the latest ranking.
suggest a book,Try 'Atomic Habits' by James Clear for productivity tips!
how to lose weight,"Exercise regularly, eat balanced meals, and stay consistent."
how to gain weight,Increase calorie intake with healthy foods and exercise.
hi,Hello! How can I assist you today?
hello,Hi there! How can I help?
how are you,"I'm an AI chatbot, always ready to help!"
what is your name,I'm your friendly AI chatbot!
who created you,I was created by developers using Natural Language Processing!
what can you do,"I can answer questions, chat with you, and analyze text!"
tell me a joke,Why don’t skeletons fight each other? They don’t have the guts!
what is AI,"AI stands for Artificial Intelligence, the simulation of human intelligence in machines."
what is machine learning,Machine learning is a subset of AI that enables computers to learn from data.
who is the president of the USA,"As of my last update, you can check the latest news for that information."
what is the capital of France,The capital of France is Paris.
how to learn Python,"You can start by learning online through platforms like Codecademy, Coursera, or YouTube."
recommend a movie,I recommend 'Inception' if you like sci-fi thrillers!
how to stay healthy,"Exercise regularly, eat healthy, stay hydrated, and get enough sleep!"
best programming language,"It depends on the use case, but Python is great for beginners!"
who is the richest person in the world,That changes frequently! You can check Forbes for the latest ranking.
suggest a book,Try 'Atomic Habits' by James Clear for productivity tips!
how to lose weight,"Exercise regularly, eat balanced meals, and stay consistent."
how to gain weight,Increase calorie intake with healthy foods and exercise.
hi,Hello! How can I assist you today?
hello,Hi there! How can I help?
how are you,"I'm an AI chatbot, always ready to help!"
what is your name,I'm your friendly AI chatbot!
who created you,I was created by developers using Natural Language Processing!
what can you do,"I can answer questions, chat with you, and analyze text!"
tell me a joke,Why don’t skeletons fight each other? They don’t have the guts!
what is AI,"AI stands for Artificial Intelligence, the simulation of human intelligence in machines."
what is machine learning,Machine learning is a subset of AI that enables computers to learn from data.
who is the president of the USA,"As of my last update, you can check the latest news for that information."
what is the capital of France,The capital of France is Paris.
how to learn Python,"You can start by learning online through platforms like Codecademy, Coursera, or YouTube."
recommend a movie,I recommend 'Inception' if you like sci-fi thrillers!
how to stay healthy,"Exercise regularly, eat healthy, stay hydrated, and get enough sleep!"
best programming language,"It depends on the use case, but Python is great for beginners!"
who is the richest person in the world,That changes frequently! You can check Forbes for the latest ranking.
suggest a book,Try 'Atomic Habits' by James Clear for productivity tips!
how to lose weight,"Exercise regularly, eat balanced meals, and stay consistent."
how to gain weight,Increase calorie intake with healthy foods and exercise.
hi,Hello! How can I assist you today?
hello,Hi there! How can I help?
how are you,"I'm an AI chatbot, always ready to help!"
what is your name,I'm your friendly AI chatbot!
who created you,I was created by developers using Natural Language Processing!
what can you do,"I can answer questions, chat with you, and analyze text!"
tell me a joke,Why don’t skeletons fight each other? They don’t have the guts!
what is AI,"AI stands for Artificial Intelligence, the simulation of human intelligence in machines."
what is machine learning,Machine learning is a subset of AI that enables computers to learn from data.
who is the president of the USA,"As of my last update, you can check the latest news for that information."
what is the capital of France,The capital of France is Paris.
how to learn Python,"You can start by learning online through platforms like Codecademy, Coursera, or YouTube."
recommend a movie,I recommend 'Inception' if you like sci-fi thrillers!
how to stay healthy,"Exercise regularly, eat healthy, stay hydrated, and get enough sleep!"
best programming language,"It depends on the use case, but Python is great for beginners!"
who is the richest person in the world,That changes frequently! You can check Forbes for the latest ranking.
suggest a book,Try 'Atomic Habits' by James Clear for productivity tips!
how to lose weight,"Exercise regularly, eat balanced meals, and stay consistent."
how to gain weight,Increase calorie intake with healthy foods and exercise.
hi,Hello! How can I assist you today?
hello,Hi there! How can I help?
how are you,"I'm an AI chatbot, always ready to help!"
what is your name,I'm your friendly AI chatbot!
who created you,I was created by developers using Natural Language Processing!
what can you do,"I can answer questions, chat with you, and analyze text!"
tell me a joke,Why don’t skeletons fight each other? They don’t have the guts!
what is AI,"AI stands for Artificial Intelligence, the simulation of human intelligence in machines."
what is machine learning,Machine learning is a subset of AI that enables computers to learn from data.
who is the president of the USA,"As of my last update, you can check the latest news for that information."
what is the capital of France,The capital of France is Paris.
how to learn Python,"You can start by learning online through platforms like Codecademy, Coursera, or YouTube."
recommend a movie,I recommend 'Inception' if you like sci-fi thrillers!
how to stay healthy,"Exercise regularly, eat healthy, stay hydrated, and get enough sleep!"
best programming language,"It depends on the use case, but Python is great for beginners!"
who is the richest person in the world,That changes frequently! You can check Forbes for the latest ranking.
suggest a book,Try 'Atomic Habits' by James Clear for productivity tips!
how to lose weight,"Exercise regularly, eat balanced meals, and stay consistent."
how to gain weight,Increase calorie intake with healthy foods and exercise.
hi,Hello! How can I assist you today?
hello,Hi there! How can I help?
how are you,"I'm an AI chatbot, always ready to help!"
what is your name,I'm your friendly AI chatbot!
who created you,I was created by developers using Natural Language Processing!
what can you do,"I can answer questions, chat with you, and analyze text!"
tell me a joke,Why don’t skeletons fight each other? They don’t have the guts!
what is AI,"AI stands for Artificial Intelligence, the simulation of human intelligence in machines."
what is machine learning,Machine learning is a subset of AI that enables computers to learn from data.
who is the president of the USA,"As of my last update, you can check the latest news for that information."
what is the capital of France,The capital of France is Paris.
how to learn Python,"You can start by learning online through platforms like Codecademy, Coursera, or YouTube."
recommend a movie,I recommend 'Inception' if you like sci-fi thrillers!
how to stay healthy,"Exercise regularly, eat healthy, stay hydrated, and get enough sleep!"
best programming language,"It depends on the use case, but Python is great for beginners!"
who is the richest person in the world,That changes frequently! You can check Forbes for the latest ranking.
suggest a book,Try 'Atomic Habits' by James Clear for productivity tips!
how to lose weight,"Exercise regularly, eat balanced meals, and stay consistent."
how to gain weight,Increase calorie intake with healthy foods and exercise.
hi,Hello! How can I assist you today?
hello,Hi there! How can I help?
how are you,"I'm an AI chatbot, always ready to help!"
what is your name,I'm your friendly AI chatbot!
who created you,I was created by developers using Natural Language Processing!
what can you do,"I can answer questions, chat with you, and analyze text!"
tell me a joke,Why don’t skeletons fight each other? They don’t have the guts!
what is AI,"AI stands for Artificial Intelligence, the simulation of human intelligence in machines."
what is machine learning,Machine learning is a subset of AI that enables computers to learn from data.
who is the president of the USA,"As of my last update, you can check the latest news for that information."
what is the capital of France,The capital of France is Paris.
how to learn Python,"You can start by learning online through platforms like Codecademy, Coursera, or YouTube."
recommend a movie,I recommend 'Inception' if you like sci-fi thrillers!
how to stay healthy,"Exercise regularly, eat healthy, stay hydrated, and get enough sleep!"
best programming language,"It depends on the use case, but Python is great for beginners!"
who is the richest person in the world,That changes frequently! You can check Forbes for the latest ranking.
suggest a book,Try 'Atomic Habits' by James Clear for productivity tips!
how to lose weight,"Exercise regularly, eat balanced meals, and stay consistent."
how to gain weight,Increase calorie intake with healthy foods and exercise.
hi,Hello! How can I assist you today?
hello,Hi there! How can I help?
how are you,"I'm an AI chatbot, always ready to help!"
what is your name,I'm your friendly AI chatbot!
who created you,I was created by developers using Natural Language Processing!
what can you do,"I can answer questions, chat with you, and analyze text!"
tell me a joke,Why don’t skeletons fight each other? They don’t have the guts!
what is AI,"AI stands for Artificial Intelligence, the simulation of human intelligence in machines."
what is machine learning,Machine learning is a subset of AI that enables computers to learn from data.
who is the president of the USA,"As of my last update, you can check the latest news for that information."
what is the capital of France,The capital of France is Paris.
how to learn Python,"You can start by learning online through platforms like Codecademy, Coursera, or YouTube."
recommend a movie,I recommend 'Inception' if you like sci-fi thrillers!
how to stay healthy,"Exercise regularly, eat healthy, stay hydrated, and get enough sleep!"
best programming language,"It depends on the use case, but Python is great for beginners!"
who is the richest person in the world,That changes frequently! You can check Forbes for the latest ranking.
suggest a book,Try 'Atomic Habits' by James Clear for productivity tips!
how to lose weight,"Exercise regularly, eat balanced meals, and stay consistent."
how to gain weight,Increase calorie intake with healthy foods and exercise.
